1,Susannah,Ogbourne,sogbourne0@nature.com,Female,60.92.4.168
2,Aluino,Martindale,amartindale1@lulu.com,Male,17.6.27.72
3,Laurene,Rembaud,lrembaud2@over-blog.com,Female,153.217.27.76
4,Haslett,Mewburn,hmewburn3@apple.com,Male,100.8.76.172
5,Giulietta,Kingswold,gkingswold4@omniture.com,Female,218.153.11.41
6,Ailsun,Osgar,aosgar5@mediafire.com,Female,39.72.19.224
7,Melosa,Beamish,mbeamish6@census.gov,Female,14.253.105.37
8,Viviyan,Fitzhenry,vfitzhenry7@deviantart.com,Female,162.53.67.52
9,Ly,Tite,ltite8@people.com.cn,Male,94.221.43.179
10,Germana,Tupling,gtupling9@seesaa.net,Female,76.133.137.111
11,Auguste,Gavrieli,agavrielia@jugem.jp,Female,216.4.142.245
12,Filip,Joselin,fjoselinb@uiuc.edu,Male,154.44.237.110
13,Filberte,Leipnik,fleipnikc@etsy.com,Male,128.152.240.182
14,Miquela,De Lasci,mdelascid@jimdo.com,Female,131.129.81.200
15,Amalle,De Andisie,adeandisiee@netlog.com,Female,107.136.38.126
16,Helli,Abbado,habbadof@smugmug.com,Female,220.242.92.135
17,Tiffy,Cargen,tcargeng@state.tx.us,Female,81.185.74.197
18,Julietta,Playden,jplaydenh@bloomberg.com,Female,155.207.43.108
19,Abbe,Bygraves,abygravesi@surveymonkey.com,Male,205.17.88.179
20,Hollyanne,Oxbe,hoxbej@soup.io,Female,208.47.43.107
21,Gerek,Clineck,gclineckk@google.ca,Male,58.175.201.160
22,Bee,Calam,bcalaml@geocities.com,Female,183.169.136.224
23,Caritta,O'Mullally,comullallym@dyndns.org,Female,20.32.139.92
24,Lissi,Mountford,lmountfordn@technorati.com,Female,162.36.192.165
25,Gerardo,Valeri,gvalerio@auda.org.au,Male,206.51.166.178
26,Constance,Mariaud,cmariaudp@elpais.com,Female,88.182.141.66
27,Orlando,Mordan,omordanq@webmd.com,Male,130.251.38.112
28,Jacenta,Junkinson,jjunkinsonr@paginegialle.it,Female,57.216.239.136
29,Fulton,Burthom,fburthoms@weebly.com,Male,34.93.242.207
30,Valle,McRobbie,vmcrobbiet@wp.com,Male,179.32.227.124
31,Andromache,Imlin,aimlinu@zdnet.com,Female,61.194.176.83
32,Christel,Geerling,cgeerlingv@alexa.com,Female,205.202.161.80
33,Daniel,Thomazet,dthomazetw@163.com,Male,153.11.208.108
34,Joice,Olliver,jolliverx@yahoo.com,Female,51.253.13.81
35,Dominik,Yandle,dyandley@marriott.com,Male,29.60.213.76
36,Marlowe,Sirman,msirmanz@cnbc.com,Male,165.43.145.112
37,Fidelity,Maddinon,fmaddinon10@pinterest.com,Female,123.157.190.114
38,Ashia,Arundale,aarundale11@fema.gov,Female,225.151.72.235
39,Chloris,Gowling,cgowling12@wikipedia.org,Female,160.50.28.166
40,Corby,Andree,candree13@reverbnation.com,Male,6.87.193.85
41,Sarita,Cardoo,scardoo14@shinystat.com,Female,12.255.229.146
42,Rosemaria,Mattiato,rmattiato15@technorati.com,Female,9.187.82.177
43,Zaccaria,Dummett,zdummett16@cmu.edu,Male,180.69.251.254
44,Melva,Carlile,mcarlile17@webnode.com,Female,219.97.249.23
45,Lizette,Huskinson,lhuskinson18@oracle.com,Female,117.179.167.234
46,Blithe,Ghidoli,bghidoli19@eepurl.com,Female,30.39.177.139
47,Dave,Crockatt,dcrockatt1a@mapquest.com,Male,221.224.75.239
48,Sergio,Ruperto,sruperto1b@flickr.com,Male,25.170.228.79
49,Kippy,Boyall,kboyall1c@myspace.com,Male,244.105.80.215
50,Clayton,Sappy,csappy1d@mtv.com,Male,183.139.217.99
